model,model_label,seed,position_physical_relative_l2_macro,displacement_physical_relative_l2_macro,stress_physical_relative_l2_macro,total_training_wall_seconds,train_seconds_per_epoch,validation_seconds_per_epoch,full_99_step_inference_seconds,inference_latency_per_sample_seconds,samples_per_second,peak_allocated_max_all_ranks_bytes,total_parameters,training_gpu_hours,peak_allocated_gib
transolver,Transolver,7,5.0730781303555196e-05,0.004845901430025191,0.03558137440079526,80368.13732931111,2630.0309229588215,582.1800982954059,4.320353908681621,4.320353908681621,0.23146251930670078,2671839232.0,8967012.0,22.32448259147531,2.488344192504883
transolver,Transolver,17,4.9143119527397074e-05,0.004694232656081143,0.036980321670860454,78522.11062356178,2629.4384856909746,507.534717924078,4.32150951968506,4.32150951968506,0.2314006241210079,2671839232.0,8967012.0,21.81169739543383,2.488344192504883
transolver,Transolver,27,4.696809738704639e-05,0.004486505551392141,0.03365442821920899,80621.55528265703,2634.1720301749883,587.5861193574965,4.319283282384276,4.319283282384276,0.23151989221878325,2671839232.0,8967012.0,22.394876467404732,2.488344192504883
transolver_plus,Transolver++,7,4.670778050674484e-05,0.004461808081762336,0.04060476975311922,22752.974864396267,435.8249155089725,473.88159322241944,0.7948655995850762,0.7948655995850762,1.2580743216488486,1076313600.0,1743784.0,6.320270795665629,1.0023951530456543
transolver_plus,Transolver++,17,5.922623388877869e-05,0.0056575620522240746,0.04322963616906443,21561.924065407366,444.18932759878226,417.54183076981764,0.7930431032553316,0.7930431032553316,1.2609655085519806,1076313600.0,1743784.0,5.989423351502046,1.0023951530456543
transolver_plus,Transolver++,27,5.321144449194383e-05,0.0050831330108778655,0.042867398494441336,23061.1929661138,435.39060893111554,486.68364250582334,0.7934412929229439,0.7934412929229439,1.2603326911763293,1076313600.0,1743784.0,6.405886935031611,1.0023951530456543
transolver3,Transolver-3,7,3.8501005317030036e-05,0.0036777141369232075,0.03599593685509121,76586.9053976778,2475.567012214024,585.8442106761892,4.473522900324315,4.473522900324315,0.22353747198377,1528503296.0,7603844.0,21.274140388243833,1.4235296249389648
transolver3,Transolver-3,17,4.083600128243587e-05,0.003900689631570692,0.034801906905404856,74219.78915473633,2453.3060743128494,511.2364399699727,4.45120611100768,4.45120611100768,0.22465821062004615,1528503296.0,7603844.0,20.616608098537867,1.4235296249389648
transolver3,Transolver-3,27,3.9674646227887533e-05,0.0037898681815041165,0.03651532360194517,77125.81281987298,2489.133033822174,593.5818572131684,4.464285823299239,4.464285823299239,0.22399999453013753,1528503296.0,7603844.0,21.423836894409163,1.4235296249389648
geotransolver,GeoTransolver,7,8.907827796881603e-05,0.008508639209176628,0.02071107425161842,139999.889489308,4837.5211742349975,757.1472803460589,10.44873451947545,10.44873451947545,0.09570536969200384,2959224832.0,27575024.0,38.88885819147445,2.755992889404297
geotransolver,GeoTransolver,17,3.935688306766279e-05,0.003759409957773596,0.017929540039522317,138024.90206145216,4836.606581072323,679.1469861872805,10.454436551624289,10.454436551624289,0.09565317031309847,2959224832.0,27575024.0,38.3402505726256,2.755992889404297
geotransolver,GeoTransolver,27,5.7025986591710255e-05,0.005447173788815331,0.018651734320812945,140876.23319248762,4869.014628255351,761.9324996713937,10.456273663571725,10.456273663571725,0.09563636455727702,2959224832.0,27575024.0,39.132286997913226,2.755992889404297
geots_flare,GeoTS-FLARE,7,6.560877740967708e-05,0.006267052151253167,0.017353692529047678,112138.65920716524,3749.391029934903,733.03735422506,9.326170235158255,9.326170235158255,0.10722514974369124,2685832192.0,26325968.0,31.1496275575459,2.501376152038574
geots_flare,GeoTS-FLARE,17,4.747022227079599e-05,0.004534427582446969,0.017892723358918974,109710.1682688659,3733.687510515796,650.0470398760712,9.366773469187319,9.366773469187319,0.10676034851163772,2685832192.0,26325968.0,30.47504674135164,2.501376152038574
geots_flare,GeoTS-FLARE,27,5.3377542458286556e-05,0.005098713197392083,0.018903467077144964,112540.68204269558,3752.325940403583,747.0019782275194,9.309066003064315,9.309066003064315,0.10742216240284737,2685832192.0,26325968.0,31.26130056741544,2.501376152038574
lts,LTS,7,0.00010332356495469715,0.00987037356211736,0.07516136527266883,22924.075323284604,418.0286592024301,499.08956244937144,0.45861723568911356,0.45861723568911356,2.1804675493658894,2589039104.0,8018444.0,6.36779870091239,2.4112305641174316
lts,LTS,17,9.156801002738172e-05,0.008747837982315215,0.07877801283329931,19709.662017132156,381.15680879940436,406.97546223873115,0.4507705414357285,0.4507705414357285,2.2184235837926454,2589039104.0,8018444.0,5.474906115870043,2.4112305641174316
lts,LTS,27,9.097272396193909e-05,0.008690900300147906,0.08045100912883933,23007.1636307491,416.7887977864593,503.8256693692335,0.4574070629042884,0.4574070629042884,2.1862364644099257,2589039104.0,8018444.0,6.3908787863191945,2.4112305641174316
lts_ca,LTS + CA,7,6.000517455499129e-05,0.0057320205803502965,0.04004791820270005,24696.588411381468,489.5158071474095,498.245407215242,0.5398879969802995,0.5398879969802995,1.852236029682449,2591162368.0,8248716.0,6.860163447605963,2.4132080078125
lts_ca,LTS + CA,17,8.373523741359826e-05,0.007999323061255396,0.07380942976753563,21431.953493176028,449.92879944279167,406.62012671031215,0.5388166207820178,0.5388166207820178,1.8559189925296633,2591162368.0,8248716.0,5.9533204147711185,2.4132080078125
lts_ca,LTS + CA,27,6.386340471429342e-05,0.006100699490296981,0.05005381250689156,24706.321604808792,480.78870929024805,507.34725888771936,0.5428952146011095,0.5428952146011095,1.8419760813967514,2591162368.0,8248716.0,6.862867112446887,2.4132080078125
lts_ca_fourier_tenv,LTS + CA + Fourier + TEnv,7,7.588089679656626e-05,0.007248430141754723,0.03616016091671456,24750.87643219158,495.3157294852038,494.7641708937396,0.569139291656514,0.569139291656514,1.757039119702033,2614096896.0,8335055.0,6.87524345338655,2.434567451477051
lts_ca_fourier_tenv,LTS + CA + Fourier + TEnv,17,6.210818306359293e-05,0.005932707021070601,0.02618282283142555,21507.42313188035,449.04626378506265,410.6774243985613,0.5665144075639545,0.5665144075639545,1.7651801730869636,2614096896.0,8335055.0,5.974284203300098,2.434567451477051
lts_ca_fourier_tenv,LTS + CA + Fourier + TEnv,27,6.300017382097374e-05,0.00601793915641068,0.023027582506734503,25101.79406229686,498.0891051158542,506.04555261146743,0.5658993835560977,0.5658993835560977,1.7670985851160055,2614096896.0,8335055.0,6.972720572860239,2.434567451477051
